,Players,Salaries
0,LeBron James,"$30,963,450"
1,Mike Conley,"$26,540,100"
2,DeMar DeRozan,"$26,540,100"
3,Al Horford,"$26,540,100"
4,Kevin Durant,"$26,540,100"
5,Russell Westbrook,"$26,540,100"
6,James Harden,"$26,540,100"
7,Dirk Nowitzki,"$25,000,000"
8,Carmelo Anthony,"$24,559,380"
9,Damian Lillard,"$24,328,425"
10,Chris Bosh,"$23,741,060"
11,Dwyane Wade,"$23,200,000"
12,Dwight Howard,"$23,180,275"
13,Chris Paul,"$22,868,827"
14,Bradley Beal,"$22,116,750"
15,Harrison Barnes,"$22,116,750"
16,Hassan Whiteside,"$22,116,750"
17,Anthony Davis,"$22,116,750"
18,Andre Drummond,"$22,116,750"
19,Chandler Parsons,"$22,116,750"
20,Derrick Rose,"$21,323,252"
21,Marc Gasol,"$21,165,675"
22,DeAndre Jordan,"$21,165,675"
23,Brook Lopez,"$21,165,675"
24,Kevin Love,"$21,165,675"
25,Nicolas Batum,"$20,869,566"
26,LaMarcus Aldridge,"$20,575,005"
27,Blake Griffin,"$20,140,839"
28,Paul Millsap,"$20,072,033"
29,Ryan Anderson,"$18,735,364"
30,Allen Crabbe,"$18,500,000"
31,Paul George,"$18,314,532"
32,Luol Deng,"$18,000,000"
33,Kyrie Irving,"$17,638,063"
34,Kawhi Leonard,"$17,638,063"
35,Jimmy Butler,"$17,552,209"
36,Tobias Harris,"$17,200,000"
37,Greg Monroe,"$17,145,838"
38,Wesley Matthews,"$17,145,838"
39,Enes Kanter,"$17,145,838"
40,Bismack Biyombo,"$17,000,000"
41,Joakim Noah,"$17,000,000"
42,Evan Fournier,"$17,000,000"
43,John Wall,"$16,957,900"
44,DeMarcus Cousins,"$16,957,900"
45,Klay Thompson,"$16,663,575"
46,Evan Turner,"$16,393,443"
47,Gordon Hayward,"$16,073,140"
48,Timofey Mozgov,"$16,000,000"
49,Ian Mahinmi,"$15,944,154"
50,Goran Dragic,"$15,891,725"
51,Kent Bazemore,"$15,730,338"
52,Pau Gasol,"$15,500,000"
53,Draymond Green,"$15,330,435"
54,Tristan Thompson,"$15,330,435"
55,Khris Middleton,"$15,200,000"
56,Danilo Gallinari,"$15,050,000"
57,Jeff Green,"$15,000,000"
58,Reggie Jackson,"$14,956,522"
59,Tony Parker,"$14,445,313"
60,Jonas Valanciunas,"$14,382,023"
61,DeMarre Carroll,"$14,200,000"
62,Thaddeus Young,"$14,153,652"
63,Manu Ginobili,"$14,000,000"
64,Eric Bledsoe,"$14,000,000"
65,Rajon Rondo,"$14,000,000"
66,Ricky Rubio,"$13,550,000"
67,Rudy Gay,"$13,333,333"
68,Jamal Crawford,"$13,253,012"
69,Robin Lopez,"$13,219,250"
70,Michael Kidd-Gilchrist,"$13,000,000"
71,JR Smith,"$12,800,000"
72,Brandon Knight,"$12,606,250"
73,John Henson,"$12,517,606"
74,Miles Plumlee,"$12,500,000"
75,Arron Afflalo,"$12,500,000"
76,Jordan Clarkson,"$12,500,000"
77,Tyson Chandler,"$12,415,000"
78,Eric Gordon,"$12,385,364"
79,Marvin Williams,"$12,250,000"
80,Serge Ibaka,"$12,250,000"
81,Stephen Curry,"$12,112,359"
82,Nikola Pekovic,"$12,100,000"
83,Kenneth Faried,"$12,078,652"
84,Kyle Lowry,"$12,000,000"
85,Amir Johnson,"$12,000,000"
86,Marcin Gortat,"$12,000,000"
87,Kemba Walker,"$12,000,000"
88,Nikola Vucevic,"$11,750,000"
89,Jeremy Lin,"$11,483,254"
90,Jrue Holiday,"$11,286,518"
91,Courtney Lee,"$11,242,000"
92,Solomon Hill,"$11,241,218"
93,Wilson Chandler,"$11,233,146"
94,Andre Iguodala,"$11,131,368"
95,Derrick Favors,"$11,050,000"
96,Austin Rivers,"$11,000,000"
97,Joe Johnson,"$11,000,000"
98,Jon Leuer,"$10,991,957"
99,Monta Ellis,"$10,763,500"
100,Mirza Teletovic,"$10,500,000"
101,Jared Dudley,"$10,470,000"
102,Zach Randolph,"$10,361,445"
103,Al Jefferson,"$10,314,532"
104,Tyreke Evans,"$10,203,755"
105,Alec Burks,"$10,154,495"
106,Terrence Ross,"$10,000,000"
107,Danny Green,"$10,000,000"
108,Omer Asik,"$9,904,494"
109,Iman Shumpert,"$9,662,922"
110,Matthew Dellavedova,"$9,607,500"
111,Jerryd Bayless,"$9,424,084"
112,Trevor Booker,"$9,250,000"
113,Meyers Leonard,"$9,213,483"
114,Gerald Henderson,"$9,000,000"
115,Maurice Harkless,"$8,988,765"
116,Taj Gibson,"$8,950,000"
117,Jeff Teague,"$8,800,000"
118,Tiago Splitter,"$8,550,000"
119,Ersan Ilyasova,"$8,400,000"
120,Dwight Powell,"$8,375,000"
121,Avery Bradley,"$8,269,663"
122,E'Twaun Moore,"$8,081,363"
123,Darrell Arthur,"$8,070,175"
124,Kosta Koufos,"$8,046,500"
125,Anthony Tolliver,"$8,000,000"
126,Sergio Rodriguez,"$8,000,000"
127,Garrett Temple,"$8,000,000"
128,Kevin Garnett,"$8,000,000"
129,George Hill,"$8,000,000"
130,Yi Jianlian,"$8,000,000"
131,Tyler Zeller,"$8,000,000"
132,Trevor Ariza,"$7,806,971"
133,Channing Frye,"$7,806,971"
134,Al-Farouq Aminu,"$7,680,965"
135,Cole Aldrich,"$7,643,979"
136,Corey Brewer,"$7,612,172"
137,Festus Ezeli,"$7,400,000"
138,Markieff Morris,"$7,400,000"
139,JJ Redick,"$7,377,500"
140,Cory Joseph,"$7,315,000"
141,D.J. Augustin,"$7,250,000"
142,Boris Diaw,"$7,000,000"
143,Lou Williams,"$7,000,000"
144,Rodney Stuckey,"$7,000,000"
145,Boban Marjanovic,"$7,000,000"
146,Ed Davis,"$6,666,667"
147,Isaiah Thomas,"$6,587,132"
148,Victor Oladipo,"$6,552,961"
149,Jodie Meeks,"$6,540,000"
150,Jeremy Lamb,"$6,511,628"
151,Aron Baynes,"$6,500,000"
152,Carl Landry,"$6,500,000"
153,Tim Duncan,"$6,393,750"
154,Spencer Hawes,"$6,348,759"
155,Marco Belinelli,"$6,333,333"
156,Jae Crowder,"$6,286,408"
157,Lance Thomas,"$6,191,000"
158,Tarik Black,"$6,191,000"
159,Andrew Nicholson,"$6,088,993"
160,Patrick Patterson,"$6,050,000"
161,Andrew Wiggins,"$6,006,600"
162,Ramon Sessions,"$6,000,000"
163,Ish Smith,"$6,000,000"
164,Wayne Ellington,"$6,000,000"
165,Patrick Beverley,"$6,000,000"
166,Alex Abrines,"$5,994,764"
167,Karl-Anthony Towns,"$5,960,160"
168,Ben Simmons,"$5,903,160"
169,Otto Porter Jr.,"$5,893,981"
170,Nikola Mirotic,"$5,782,450"
171,Shaun Livingston,"$5,782,450"
172,Josh McRoberts,"$5,782,450"
173,Brandan Wright,"$5,709,880"
174,Wesley Johnson,"$5,628,000"
175,Tyler Johnson,"$5,628,000"
176,Jared Sullinger,"$5,628,000"
177,Tony Allen,"$5,505,618"
178,Luis Scola,"$5,500,000"
179,Nick Young,"$5,443,918"
180,Jabari Parker,"$5,374,320"
181,D'Angelo Russell,"$5,332,800"
182,Cody Zeller,"$5,318,313"
183,P.J. Tucker,"$5,300,000"
184,Brandon Ingram,"$5,281,680"
185,Kyle Korver,"$5,239,437"
186,Darren Collison,"$5,229,454"
187,Langston Galloway,"$5,200,000"
188,C.J. Watson,"$5,000,000"
189,Brandon Jennings,"$5,000,000"
190,Jonas Jerebko,"$5,000,000"
191,Roy Hibbert,"$5,000,000"
192,Jason Smith,"$5,000,000"
193,Kyle Singler,"$4,837,500"
194,Mike Dunleavy,"$4,837,500"
195,Joel Embiid,"$4,826,160"
196,Alex Len,"$4,823,621"
197,Jahlil Okafor,"$4,788,840"
198,Jaylen Brown,"$4,743,000"
199,Alexis Ajinca,"$4,638,203"
200,Marcus Morris,"$4,625,000"
201,CJ Miles,"$4,583,450"
202,Jameer Nelson,"$4,540,525"
203,Nerlens Noel,"$4,384,490"
204,Aaron Gordon,"$4,351,320"
205,Greivis Vasquez,"$4,347,826"
206,Kristaps Porzingis,"$4,317,720"
207,Dragan Bender,"$4,276,320"
208,Vince Carter,"$4,264,057"
209,Devin Harris,"$4,227,996"
210,J.J. Barea,"$4,096,950"
211,Ben McLemore,"$4,008,882"
212,Lavoy Allen,"$4,000,000"
213,Leandro Barbosa,"$4,000,000"
214,Kris Humphries,"$4,000,000"
215,Jordan Hill,"$4,000,000"
216,James Johnson,"$4,000,000"
217,Udonis Haslem,"$4,000,000"
218,Lance Stephenson,"$4,000,000"
219,Dante Exum,"$3,940,320"
220,Kyle O'Quinn,"$3,918,750"
221,Mario Hezonja,"$3,909,840"
222,Kris Dunn,"$3,872,520"
223,Thabo Sefolosha,"$3,850,000"
224,Nemanja Bjelica,"$3,800,000"
225,Nick Collison,"$3,750,000"
226,Bojan Bogdanovic,"$3,730,653"
227,Kentavious Caldwell-Pope,"$3,678,319"
228,Quincy Pondexter,"$3,617,978"
229,Patty Mills,"$3,578,948"
230,Marcus Smart,"$3,578,880"
231,Willie Cauley-Stein,"$3,551,160"
232,Drew Gooden,"$3,547,000"
233,Will Barton,"$3,533,333"
234,Paul Pierce,"$3,527,920"
235,Buddy Hield,"$3,517,200"
236,Brandon Rush,"$3,500,000"
237,Mike Miller,"$3,500,000"
238,Anthony Morrow,"$3,488,000"
239,Trey Burke,"$3,386,598"
240,Mike Scott,"$3,333,334"
241,KJ McDaniels,"$3,333,333"
242,Troy Daniels,"$3,332,940"
243,Julius Randle,"$3,267,120"
244,Emmanuel Mudiay,"$3,241,800"
245,CJ McCollum,"$3,219,579"
246,Jamal Murray,"$3,210,840"
247,Michael Carter-Williams,"$3,183,526"
248,Steven Adams,"$3,140,517"
249,Kelly Olynyk,"$3,094,014"
250,Shabazz Muhammad,"$3,046,299"
251,Justin Hamilton,"$3,000,000"
252,Tibor Pleiss,"$3,000,000"
253,Giannis Antetokounmpo,"$2,995,421"
254,Nik Stauskas,"$2,993,040"
255,Dante Cunningham,"$2,978,250"
256,Stanley Johnson,"$2,969,880"
257,Marquese Chriss,"$2,941,440"
258,Dewayne Dedmon,"$2,898,000"
259,James Ennis III,"$2,898,000"
260,Mindaugas Kuzminskas,"$2,898,000"
261,Dion Waiters,"$2,898,000"
262,Nene Hilario,"$2,898,000"
263,Zaza Pachulia,"$2,898,000"
264,Seth Curry,"$2,898,000"
265,Tomas Satoransky,"$2,870,813"
266,Noah Vonleh,"$2,751,360"
267,Frank Kaminsky,"$2,730,000"
268,Dennis Schroder,"$2,708,582"
269,Jakob Poeltl,"$2,703,960"
270,Aaron Brooks,"$2,700,000"
271,Elfrid Payton,"$2,613,600"
272,Justise Winslow,"$2,593,440"
273,Thon Maker,"$2,568,600"
274,Randy Foye,"$2,500,000"
275,Richard Jefferson,"$2,500,000"
276,Malcolm Delaney,"$2,500,000"
277,Doug McDermott,"$2,483,040"
278,Myles Turner,"$2,463,840"
279,Domantas Sabonis,"$2,440,200"
280,Shelvin Mack,"$2,433,334"
281,Tony Snell,"$2,368,327"
282,Gorgui Dieng,"$2,348,783"
283,Trey Lyles,"$2,340,600"
284,Mason Plumlee,"$2,328,530"
285,Dario Saric,"$2,318,280"
286,Taurean Prince,"$2,318,280"
287,Tim Hardaway Jr.,"$2,281,605"
288,Reggie Bullock,"$2,255,644"
289,Zach LaVine,"$2,240,880"
290,Devin Booker,"$2,223,600"
291,Luc Mbah a Moute,"$2,203,000"
292,Georgios Papagiannis,"$2,202,240"
293,Mo Williams,"$2,194,500"
294,Andre Roberson,"$2,183,072"
295,Joe Ingles,"$2,150,000"
296,T.J. Warren,"$2,128,920"
297,Rudy Gobert,"$2,121,288"
298,Cameron Payne,"$2,112,480"
299,Denzel Valentine,"$2,092,200"
300,Tim Frazier,"$2,090,000"
301,Kendall Marshall,"$2,048,257"
302,Adreian Payne,"$2,022,240"
303,Kelly Oubre Jr.,"$2,006,640"
304,Juan Hernangomez,"$1,987,440"
305,Lucas Nogueira,"$1,921,320"
306,Jusuf Nurkic,"$1,921,320"
307,Terry Rozier,"$1,906,440"
308,James Young,"$1,825,200"
309,Rashad Vaughn,"$1,811,040"
310,Kevin Seraphin,"$1,800,000"
311,Wade Baldwin IV,"$1,793,760"
312,Quincy Acy,"$1,790,092"
313,Tyler Ennis,"$1,733,880"
314,Sam Dekker,"$1,720,560"
315,Joffrey Lauvergne,"$1,709,719"
316,Henry Ellenson,"$1,704,120"
317,Gary Harris,"$1,655,880"
318,Jerian Grant,"$1,643,040"
319,Malik Beasley,"$1,627,320"
320,Bruno Caboclo,"$1,589,640"
321,Delon Wright,"$1,577,280"
322,Caris LeVert,"$1,562,280"
323,David Lee,"$1,551,659"
324,Caron Butler,"$1,551,659"
325,Mitch McGary,"$1,526,040"
326,Justin Anderson,"$1,514,160"
327,Marcelo Huertas,"$1,500,000"
328,DeAndre' Bembry,"$1,499,760"
329,Jordan Adams,"$1,465,080"
330,Bobby Portis,"$1,453,680"
331,Demetrius Jackson,"$1,450,000"
332,Malachi Richardson,"$1,439,800"
333,Rodney Hood,"$1,406,520"
334,Marreese Speights,"$1,403,611"
335,JaVale McGee,"$1,403,611"
336,Michael Beasley,"$1,403,611"
337,Rondae Hollis-Jefferson,"$1,395,600"
338,Deyonta Davis,"$1,369,299"
339,Nikola Jokic,"$1,358,500"
340,Shabazz Napier,"$1,350,120"
341,Willy Hernangomez,"$1,350,000"
342,Guillermo Hernangomez,"$1,350,000"
343,Tyus Jones,"$1,339,680"
344,Sasha Kaun,"$1,333,240"
345,Timothe Luwawu-Cabarrot,"$1,326,960"
346,Clint Capela,"$1,296,240"
347,Jarell Martin,"$1,286,160"
348,Brice Johnson,"$1,273,920"
349,Luke Babbitt,"$1,227,286"
350,Jeremy Evans,"$1,227,286"
351,Jordan Mickey,"$1,223,653"
352,CJ Wilcox,"$1,209,600"
353,Larry Nance Jr.,"$1,207,680"
354,Pascal Siakam,"$1,196,040"
355,Kyle Anderson,"$1,192,080"
356,Josh Huestis,"$1,191,480"
357,Chris McCullough,"$1,191,480"
358,Livio Jean-Charles,"$1,188,840"
359,Skal Labissiere,"$1,188,840"
360,Kevon Looney,"$1,182,840"
361,Dejounte Murray,"$1,180,080"
362,Damian Jones,"$1,171,560"
363,Isaiah Whitehead,"$1,074,145"
364,Joe Young,"$1,052,342"
365,Rakeem Christmas,"$1,052,342"
366,Tony Wroten,"$1,050,961"
367,John Jenkins,"$1,050,961"
368,Chris Johnson,"$1,050,961"
369,Glenn Robinson III,"$1,050,500"
370,Montrezl Harrell,"$1,045,000"
371,Ivica Zubac,"$1,034,956"
372,Richaun Holmes,"$1,025,831"
373,Justin Holiday,"$1,015,696"
374,Lorenzo Brown,"$1,015,696"
375,Mike Muscala,"$1,015,696"
376,Anthony Bennett,"$1,015,696"
377,Robert Covington,"$1,015,696"
378,Isaiah Canaan,"$1,015,696"
379,DeAndre Liggins,"$1,015,696"
380,Andrew Goudelock,"$1,015,696"
381,Jeff Withey,"$1,015,696"
382,Willie Reed,"$1,015,696"
383,Edy Tavares,"$1,000,000"
384,Brian Roberts,"$980,431"
385,Jarnell Stokes,"$980,431"
386,Eric Moreland,"$980,431"
387,Ty Lawson,"$980,431"
388,Henry Sims,"$980,431"
389,Nate Wolters,"$980,431"
390,Chris Wright,"$980,431"
391,Raymond Felton,"$980,431"
392,Jordan Farmar,"$980,431"
393,Greg Stiemsma,"$980,431"
394,Cory Jefferson,"$980,431"
395,James Michael McAdoo,"$980,431"
396,Elton Brand,"$980,431"
397,Devyn Marble,"$980,431"
398,Damjan Rudez,"$980,431"
399,Arinze Onuaku,"$980,431"
400,Sasha Vujacic,"$980,431"
401,Lou Amundson,"$980,431"
402,Joe Harris,"$980,431"
403,Marcus Thornton,"$980,431"
404,Jorge Gutierrez,"$980,431"
405,Toure' Murry,"$980,431"
406,John Lucas III,"$980,431"
407,Rasual Butler,"$980,431"
408,Steve Novak,"$980,431"
409,Orlando Johnson,"$980,431"
410,Xavier Henry,"$980,431"
411,Jason Terry,"$980,431"
412,Metta World Peace,"$980,431"
413,Brandon Bass,"$980,431"
414,Dorell Wright,"$980,431"
415,Alan Anderson,"$980,431"
416,JaMychal Green,"$980,431"
417,JaKarr Sampson,"$980,431"
418,Shayne Whittington,"$980,431"
419,Terrence Jones,"$980,431"
420,Pablo Prigioni,"$980,431"
421,Gerald Green,"$980,431"
422,Markel Brown,"$980,431"
423,Anderson Varejao,"$980,431"
424,Elliot Williams,"$980,431"
425,David West,"$980,431"
426,Phil Pressey,"$980,431"
427,Cameron Bairstow,"$980,431"
428,Beno Udrih,"$980,431"
429,Jerami Grant,"$980,431"
430,Robbie Hummel,"$980,431"
431,James Jones,"$980,431"
432,Chris Andersen,"$980,431"
433,Sean Kilpatrick,"$980,431"
434,Ian Clark,"$980,431"
435,Robert Sacre,"$980,431"
436,Thomas Robinson,"$980,431"
437,Will Bynum,"$980,431"
438,Stephen Zimmerman,"$950,000"
439,Andrew Harrison,"$945,000"
440,Raul Neto,"$937,800"
441,Malcolm Brogdon,"$925,000"
442,Tyler Ulis,"$918,369"
443,Reggie Williams,"$895,197"
444,DJ Stephens,"$874,636"
445,D.J. Kennedy,"$874,636"
446,Norman Powell,"$874,636"
447,Jonathon Simmons,"$874,636"
448,Jordan McRae,"$874,636"
449,Casper Ware,"$874,636"
450,Nick Johnson,"$874,636"
451,Darrun Hilliard,"$874,636"
452,Duje Dukan,"$874,636"
453,Grant Jerrett,"$874,636"
454,Josh Richardson,"$874,636"
455,Kevin Murphy,"$874,636"
456,Branden Dawson,"$874,636"
457,Alan Williams,"$874,636"
458,Pat Connaughton,"$874,636"
459,J.J. O'Brien,"$874,636"
460,Xavier Munford,"$874,636"
461,Keith Benson,"$874,636"
462,Travis Wear,"$874,636"
463,T.J. McConnell,"$874,636"
464,Luis Montero,"$874,636"
465,Christian Wood,"$874,636"
466,Salah Mejri,"$874,636"
467,Aaron Harrison,"$874,636"
468,John Holland,"$874,636"
469,Cristiano Felicio,"$874,636"
470,Cliff Alexander,"$874,636"
471,RJ Hunter,"$864,346"
472,Paul Zipser,"$750,000"
473,Spencer Dinwiddie,"$726,672"
474,Bobby Brown,"$680,534"
475,Georges Niang,"$650,000"
476,AJ Hammons,"$650,000"
477,Michael Gbinije,"$650,000"
478,Jake Layman,"$600,000"
479,Joel Bolomboy,"$600,000"
480,Donatas Motiejunas,"$576,724"
481,Marcus Paige,"$543,471"
482,Rasheed Sulaimon,"$543,471"
483,Andrew Andrews,"$543,471"
484,Vince Hunter,"$543,471"
485,Fred VanVleet,"$543,471"
486,Kay Felder,"$543,471"
487,Patrick McCaw,"$543,471"
488,Kyle Collinsworth,"$543,471"
489,Brady Heslip,"$543,471"
490,Yanick Moreira,"$543,471"
491,Kyle Wiltjer,"$543,471"
492,E.J. Singler,"$543,471"
493,Drew Crawford,"$543,471"
494,Davis Bertans,"$543,471"
495,Daniel Ochefu,"$543,471"
496,Ron Baker,"$543,471"
497,Isaiah Cousins,"$543,471"
498,Kaleb Tarczewski,"$543,471"
499,Semaj Christon,"$543,471"
500,Richard Solomon,"$543,471"
501,Matt Costello,"$543,471"
502,Bryn Forbes,"$543,471"
503,Nicolas Laprovittola,"$543,471"
504,Ryan Richards,"$543,471"
505,Brandon Paul,"$543,471"
506,Chinanu Onuaku,"$543,471"
507,Cheick Diallo,"$543,471"
508,Gracin Bakumanya,"$543,471"
509,Derek Cooke Jr.,"$543,471"
510,Anthony Barber,"$543,471"
511,J.P. Tokoto,"$543,471"
512,Maurice Ndour,"$543,471"
513,James Webb III,"$543,471"
514,Beau Beech,"$543,471"
515,Egidijus Mockevicius,"$543,471"
516,C.J. Williams,"$543,471"
517,Treveon Graham,"$543,471"
518,Marshall Plumlee,"$543,471"
519,Stefan Jankovic,"$543,471"
520,Derrick Jones Jr.,"$543,471"
521,Rodney McGruder,"$543,471"
522,Julian Jacobs,"$543,471"
523,Alex Caruso,"$543,471"
524,Zach Auguste,"$543,471"
525,Nick Zeisloft,"$543,471"
526,Danuel House Jr.,"$543,471"
527,Tim Quarterman,"$543,471"
528,Scott Wood,"$543,471"
529,Cameron Jones,"$543,471"
530,Elgin Cook,"$543,471"
531,Nikola Jovanovic,"$543,471"
532,Trey Freeman,"$543,471"
533,Keith Hornsby,"$543,471"
534,Ben Bentil,"$543,471"
535,Dorian Finney-Smith,"$543,471"
536,Jameel Warney,"$543,471"
537,Jalen Jones,"$543,471"
538,Ryan Arcidiacono,"$543,471"
539,Julyan Stone,"$543,471"
540,Thomas Walkup,"$543,471"
541,D'Vauntes Smith-Rivera,"$543,471"
542,Shaquille Harrison,"$543,471"
543,J.J. Avila,"$543,471"
544,Diamond Stone,"$543,471"
545,Quincy Ford,"$543,471"
546,Jonathan Holmes,"$543,471"
547,Nicolas Brussino,"$543,471"
548,Sheldon Mac,"$543,471"
549,Jonathan Gibson,"$469,943"
550,Toney Douglas,"$379,159"
551,Joel Anthony,"$346,034"
552,Ryan Kelly,"$286,785"
553,Ronnie Price,"$276,828"
554,Deron Williams,"$259,526"
555,Isaiah Taylor,"$255,000"
556,Norris Cole,"$247,991"
557,Jose Calderon,"$247,991"
558,Lamar Patterson,"$246,956"
559,Matt Barnes,"$242,224"
560,Andrew Bogut,"$242,224"
561,Okaro White,"$210,995"
562,Yogi Ferrell,"$207,798"
563,Larry Sanders,"$207,722"
564,Jordan Crawford,"$173,099"
565,Johnny O'Bryant III,"$161,483"
566,Chasson Randle,"$143,860"
567,Omri Casspi,"$138,414"
568,Briante Weber,"$128,623"
569,Ray McCallum,"$121,112"
570,Hollis Thompson,"$115,344"
571,Derrick Williams,"$115,344"
572,Manny Harris,"$115,344"
573,Shawn Long,"$89,513"
574,Wayne Selden,"$83,119"
575,Troy Williams,"$76,725"
576,Archie Goodwin,"$75,000"
577,David Nwaba,"$73,528"
578,Mike Tobey,"$67,135"
579,Justin Harper,"$57,672"
580,Anthony Brown,"$57,672"
581,Alonzo Gee,"$57,672"
582,Jarell Eddie,"$57,672"
583,Jarrett Jack,"$57,672"
584,Jarrod Uthoff,"$47,953"
585,Alex Poythress,"$35,166"
586,Gary Payton II,"$35,116"
587,Patricio Garino,"$31,969"
588,Pierre Jackson,"$31,969"
589,Marcus Georges-Hunt,"$31,969"
590,Elijah Millsap,"$23,069"
591,Quinn Cook,"$15,984"
592,Axel Toupane,"$15,435"
593,Dahntay Jones,"$5,767"
